Built,n,prop
3.4.1,8,0.0898876404494382
3.4.2,1,0.0112359550561798
3.4.3,80,0.898876404494382
